Domain,Status,Attractiveness,Demand,Length,Sectors,Created,Expires,Registrar
complete.jetzt,available,120,21%,8,"Manufacturing,Retail,Technology",,,
second.jetzt,available,120,23%,6,"General,Mathematics",,,
wizard.jetzt,available,118,42%,6,"Entertainment,Media,Technology",,,
tenth.jetzt,available,116,7%,5,Mathematics,,,
equal.jetzt,available,116,19%,5,"Education,General,Law",,,
tonic.jetzt,available,114,22%,5,"Health and Fitness,Medicine,Science",,,
acute.jetzt,available,112,9%,5,"Mathematics,Medicine,Science",,,
above.jetzt,available,112,22%,5,Business,,,
hotshot.jetzt,available,112,14%,7,"Business,Entertainment,Sports",,,
zero.jetzt,available,112,49%,4,Mathematics,,,
abstract.jetzt,available,108,29%,8,"Arts,Humanities,Science",,,
abiding.jetzt,available,106,5%,7,"General,Religion",,,
teen.jetzt,available,104,14%,4,"Education,Entertainment,Healthcare",,,
active.jetzt,available,104,27%,6,"Health and Fitness,Sports,Travel",,,
extra.jetzt,available,102,26%,5,"Fashion,Retail,Technology",,,
eight.jetzt,available,102,23%,5,"General,Mathematics",,,
absent.jetzt,available,102,8%,6,"Business,Education,Technology",,,
captive.jetzt,available,102,14%,7,"Entertainment,Hospitality,Technology",,,
ninth.jetzt,available,100,9%,5,Mathematics,,,
remove.jetzt,available,100,13%,6,"Construction,Manufacturing,Technology",,,
whiz.jetzt,available,100,12%,4,"Business,Education,Technology",,,
third.jetzt,available,100,15%,5,Mathematics,,,
sixth.jetzt,available,100,8%,5,Mathematics,,,
eighth.jetzt,available,100,6%,6,Mathematics,,,
abrupt.jetzt,available,100,3%,6,"Medicine,Science",,,
crack.jetzt,available,100,20%,5,Sports,,,
adjunct.jetzt,available,100,5%,7,Education,,,
whizz.jetzt,available,98,11%,5,"Business,Education,Technology",,,
genius.jetzt,available,98,46%,6,"Arts,Education,Technology",,,
alamode.jetzt,available,96,12%,9,Fashion,,,
academic.jetzt,available,96,20%,8,"Education,Humanities,Science",,,
doable.jetzt,available,96,9%,6,"Business,Education,Technology",,,
actual.jetzt,available,96,22%,6,"Real Estate,Retail,Technology",,,
forgiving.jetzt,available,96,3%,9,"Healthcare,Religion",,,
adequate.jetzt,available,94,9%,8,"Education,Healthcare,Technology",,,
virtuoso.jetzt,available,94,16%,8,"Arts,Entertainment",,,
abject.jetzt,available,94,7%,6,Humanities,,,
around.jetzt,available,94,22%,6,"Business,General,Media,Technology",,,
adjective.jetzt,available,92,5%,9,Education,,,
abroad.jetzt,available,92,12%,6,"Hospitality,Travel",,,
neutral.jetzt,available,92,20%,7,"Business,Media,Politics",,,
exemplary.jetzt,available,92,5%,9,"Business,Education,Healthcare",,,
twentieth.jetzt,available,92,3%,9,Mathematics,,,
derelict.jetzt,available,92,7%,8,"Construction,Real Estate",,,
adept.jetzt,available,92,24%,5,"Education,Health and Fitness,Sports",,,
next.jetzt,available,92,43%,4,"Retail,Technology,Transportation",,,
nought.jetzt,available,92,4%,6,Mathematics,,,
gripping.jetzt,available,90,3%,8,"Entertainment,Media,Technology",,,
endearing.jetzt,available,90,1%,9,"Entertainment,Fashion,Retail",,,
abortive.jetzt,available,90,1%,8,"Medicine,Science",,,
leash.jetzt,available,90,7%,5,"General,Health and Fitness,Retail",,,
addictive.jetzt,available,90,9%,9,Healthcare,,,
additional.jetzt,available,90,8%,10,"Fashion,Retail,Technology",,,
adoring.jetzt,available,90,2%,7,"Entertainment,Fashion,Retail",,,
riveting.jetzt,available,90,6%,8,"Entertainment,Media,Technology",,,
fifteen.jetzt,available,88,13%,7,Mathematics,,,
three.jetzt,available,88,23%,5,Mathematics,,,
proficient.jetzt,available,88,8%,10,"Education,Health and Fitness,Sports",,,
activist.jetzt,available,88,12%,8,"Humanities,Politics",,,
ten.jetzt,available,88,27%,3,"General,Mathematics",,,
wide.jetzt,available,88,18%,4,"Business,Media,Technology",,,
sixteen.jetzt,available,88,10%,7,Mathematics,,,
ace.jetzt,available,88,34%,3,Sports,,,
eleven.jetzt,available,88,32%,6,Mathematics,,,
adlib.jetzt,available,88,7%,6,Entertainment,,,
twelve.jetzt,available,88,18%,6,"General,Mathematics",,,
actionable.jetzt,available,88,13%,10,"Business,Law",,,
hundred.jetzt,available,88,13%,7,Mathematics,,,
intent.jetzt,available,86,25%,6,"Business,Education,Technology",,,
adolescent.jetzt,available,86,3%,10,"Education,Entertainment,Healthcare",,,
aboriginal.jetzt,available,86,10%,10,Humanities,,,
extempore.jetzt,available,86,3%,9,Entertainment,,,
xix.jetzt,available,86,10%,3,Mathematics,,,
xiv.jetzt,available,86,12%,3,Mathematics,,,
attendant.jetzt,available,86,5%,9,"Healthcare,Hospitality,Transportation",,,
recondite.jetzt,available,86,4%,9,"Arts,Humanities,Science",,,
cipher.jetzt,available,86,29%,6,Mathematics,,,
engrossing.jetzt,available,86,0%,10,"Entertainment,Media,Technology",,,
twentytwo.jetzt,available,84,10%,10,Mathematics,,,
seventeen.jetzt,available,84,7%,9,Mathematics,,,
grand.jetzt,available,84,25%,5,"Finance,General",,,
thirteen.jetzt,available,84,10%,8,Mathematics,,,
nineteen.jetzt,available,84,8%,8,Mathematics,,,
deviate.jetzt,available,84,12%,7,"Medicine,Science",,,
fourteen.jetzt,available,84,8%,8,Mathematics,,,
adjustable.jetzt,available,84,3%,10,"Manufacturing,Retail,Technology",,,
acting.jetzt,available,84,12%,6,Entertainment,,,
accessory.jetzt,available,84,8%,9,"Fashion,Retail,Technology",,,
twentyone.jetzt,available,84,13%,10,Mathematics,,,
sharp.jetzt,available,84,34%,5,"Arts,Fashion",,,
thousand.jetzt,available,84,8%,8,Mathematics,,,
absorbent.jetzt,available,82,3%,9,"Healthcare,Manufacturing,Retail",,,
cleansing.jetzt,available,82,3%,9,Health and Fitness,,,
dozen.jetzt,available,82,10%,5,Mathematics,,,
abroach.jetzt,available,82,1%,7,Food and Beverage,,,
decade.jetzt,available,82,10%,6,Mathematics,,,
abenaki.jetzt,available,82,2%,7,Geography,,,
abkhaz.jetzt,available,82,1%,6,Geography,,,
good.jetzt,available,82,47%,4,"Food and Beverage,General,Health and Fitness,Retail",,,
impromptu.jetzt,available,82,16%,9,Entertainment,,,
fivesome.jetzt,available,82,1%,8,Sports,,,
abdominal.jetzt,available,82,1%,9,"Health and Fitness,Medicine",,,
altered.jetzt,available,82,9%,7,"Medicine,Science",,,
enduring.jetzt,available,82,9%,8,"Health and Fitness,Religion",,,
able.jetzt,available,80,29%,4,"Business,Education,General,Technology",,,
first.jetzt,available,80,34%,5,"General,Mathematics",,,
nine.jetzt,available,80,24%,4,"General,Mathematics",,,
capable.jetzt,available,80,12%,7,"Business,Education,Technology",,,
absolute.jetzt,available,80,25%,8,"Engineering,Mathematics,Science",,,
twenty.jetzt,available,80,12%,6,Mathematics,,,
two.jetzt,available,80,23%,3,Mathematics,,,
absorbable.jetzt,available,80,0%,10,"Healthcare,Pharmaceuticals,Science",,,
dorsal.jetzt,available,80,6%,6,"Medicine,Science",,,
abundant.jetzt,available,80,19%,8,"Agriculture,Manufacturing,Retail",,,
seventh.jetzt,available,80,10%,7,Mathematics,,,
adoptable.jetzt,available,80,3%,9,"Education,Healthcare",,,
yard.jetzt,available,80,25%,4,"Construction,General",,,
superstar.jetzt,available,80,18%,9,Entertainment,,,
sequent.jetzt,available,80,7%,7,"Healthcare,Insurance,Transportation",,,
absurd.jetzt,available,80,16%,6,"Arts,Entertainment,Media",,,
worshipful.jetzt,available,80,1%,10,"Education,Healthcare,Religion",,,
wiz.jetzt,available,80,30%,3,"Business,Education,Technology",,,
trio.jetzt,available,80,21%,4,Entertainment,,,
forty.jetzt,available,80,9%,5,Mathematics,,,
absorptive.jetzt,available,78,1%,10,"Healthcare,Manufacturing,Retail",,,
abounding.jetzt,available,78,2%,9,Agriculture,,,
abkhazian.jetzt,available,78,1%,9,Geography,,,
recognized.jetzt,available,78,3%,10,"Business,Education,Technology",,,
honestly.jetzt,available,78,9%,8,"Business,Law",,,
acceptable.jetzt,available,78,5%,10,"Business,Hospitality,Retail",,,
abkhasian.jetzt,available,78,1%,9,Geography,,,
twentysix.jetzt,available,78,8%,10,Mathematics,,,
recognised.jetzt,available,78,3%,10,"Business,Education,Technology",,,
sixtynine.jetzt,available,78,8%,10,Mathematics,,,
athletic.jetzt,available,78,15%,8,"Health and Fitness,Sports",,,
acceptant.jetzt,available,78,1%,9,"Education,Healthcare",,,
adjacent.jetzt,available,78,9%,8,"Construction,Real Estate,Retail",,,
adorable.jetzt,available,78,8%,8,"Entertainment,Fashion,Retail",,,
adrenal.jetzt,available,78,4%,7,"Education,Healthcare,Science",,,
accidental.jetzt,available,78,11%,10,"Healthcare,Insurance,Transportation",,,
low.jetzt,available,78,20%,3,"Business,Finance",,,
accepted.jetzt,available,78,6%,8,"Business,Education,Technology",,,
accessible.jetzt,available,78,21%,10,"Healthcare,Retail,Technology",,,
accurate.jetzt,available,78,16%,8,"Engineering,Mathematics,Science",,,
dormant.jetzt,available,78,4%,7,"Medicine,Science",,,
thirteenth.jetzt,available,76,3%,10,Mathematics,,,
fifteenth.jetzt,available,76,2%,9,Mathematics,,,
adipose.jetzt,available,76,2%,7,"Healthcare,Science",,,
hundredth.jetzt,available,76,1%,9,Mathematics,,,
energizing.jetzt,available,76,3%,10,"Food and Beverage,Health and Fitness,Travel",,,
adaptive.jetzt,available,76,28%,8,"Business,Education,Technology",,,
addable.jetzt,available,76,2%,7,"Engineering,Mathematics,Science",,,
improvise.jetzt,available,76,4%,9,Entertainment,,,
auxiliary.jetzt,available,76,7%,9,"Healthcare,Manufacturing,Technology",,,
incidental.jetzt,available,76,4%,10,"Healthcare,Insurance,Transportation",,,
ague.jetzt,available,76,2%,4,"Geography,Medicine,Science",,,
ventral.jetzt,available,76,3%,7,Science,,,
adaptable.jetzt,available,76,9%,9,"Business,Education,Technology",,,
firstrate.jetzt,available,76,6%,10,Business,,,
resultant.jetzt,available,76,2%,9,"Healthcare,Insurance,Transportation",,,
diamond.jetzt,available,76,32%,7,Fashion,,,
obscene.jetzt,available,76,5%,7,"Entertainment,Media",,,
thousandth.jetzt,available,76,1%,10,Mathematics,,,
eighteen.jetzt,available,76,7%,8,Mathematics,,,
adherent.jetzt,available,76,4%,8,"Politics,Religion",,,
fourteenth.jetzt,available,76,2%,10,Mathematics,,,
acoustic.jetzt,available,76,14%,8,Science,,,
nineteenth.jetzt,available,76,3%,10,Mathematics,,,
adhesive.jetzt,available,76,7%,8,"Construction,Manufacturing,Technology",,,
threed.jetzt,available,76,7%,7,Technology,,,
ancillary.jetzt,available,76,6%,9,"Healthcare,Manufacturing,Technology",,,
abrasive.jetzt,available,76,6%,8,"Construction,Manufacturing",,,
adrenergic.jetzt,available,74,1%,10,"Education,Healthcare,Science",,,
cleared.jetzt,available,74,7%,7,"Healthcare,Law,Transportation",,,
aberrant.jetzt,available,74,6%,8,"Medicine,Science",,,
adamant.jetzt,available,74,14%,7,Religion,,,
admirable.jetzt,available,74,5%,9,"Business,Education,Healthcare",,,
skilful.jetzt,available,74,3%,7,"Education,Health and Fitness,Sports",,,
playing.jetzt,available,74,12%,7,Entertainment,,,
manageable.jetzt,available,74,4%,10,"Business,Education,Technology",,,
realizable.jetzt,available,74,1%,10,"Business,Education,Technology",,,
adapted.jetzt,available,74,6%,7,"Healthcare,Manufacturing,Technology",,,
abnormal.jetzt,available,74,16%,8,"Medicine,Science",,,
single.jetzt,available,74,19%,6,Sports,,,
achievable.jetzt,available,74,4%,10,"Business,Education,Technology",,,
supra.jetzt,available,74,25%,5,"Medicine,Science",,,
accepting.jetzt,available,74,3%,9,"Education,Healthcare",,,
acuate.jetzt,available,74,2%,6,"Engineering,Medicine,Science",,,
adenoid.jetzt,available,74,1%,7,"Health and Fitness,Medicine,Science",,,
sensation.jetzt,available,74,7%,9,"Entertainment,Media,Sports",,,
mavin.jetzt,available,74,7%,5,"Entertainment,Fashion,Technology",,,
broad.jetzt,available,74,13%,5,"Entertainment,General,Media",,,
activated.jetzt,available,74,9%,9,"Healthcare,Manufacturing,Technology",,,
engrossed.jetzt,available,72,1%,9,"Entertainment,Media,Technology",,,
absolutist.jetzt,available,72,1%,10,"Humanities,Law,Politics",,,
ablaze.jetzt,available,72,6%,6,Entertainment,,,
addicted.jetzt,available,72,9%,8,Healthcare,,,
existent.jetzt,available,72,3%,8,"Mathematics,Science",,,
abloom.jetzt,available,72,5%,6,Agriculture,,,
aching.jetzt,available,72,4%,6,Healthcare,,,
accustomed.jetzt,available,72,1%,10,"Business,Education,Humanities",,,
sixtieth.jetzt,available,72,1%,8,Mathematics,,,
adaptative.jetzt,available,72,1%,10,"Business,Education,Technology",,,
trey.jetzt,available,72,13%,4,Sports,,,
abreast.jetzt,available,72,2%,7,"Business,Technology",,,
adjunctive.jetzt,available,72,1%,10,"Healthcare,Manufacturing,Technology",,,
ternary.jetzt,available,72,7%,7,Mathematics,,,
liv.jetzt,available,72,28%,3,Mathematics,,,
adonic.jetzt,available,72,2%,6,"Arts,Education,Entertainment",,,
adiabatic.jetzt,available,72,3%,9,"Engineering,Science",,,
lovely.jetzt,available,72,26%,6,"Entertainment,Fashion,Retail",,,
ninetieth.jetzt,available,72,1%,9,Mathematics,,,
improvize.jetzt,available,72,1%,9,Entertainment,,,
absorbed.jetzt,available,72,2%,8,"Entertainment,Media,Technology",,,
adjectival.jetzt,available,72,1%,10,Education,,,
deep.jetzt,available,72,41%,4,"Engineering,Mathematics,Science",,,
trinity.jetzt,available,72,18%,7,Religion,,,
seventieth.jetzt,available,72,1%,10,Mathematics,,,
champion.jetzt,available,72,28%,8,"Entertainment,Health and Fitness,Sports",,,
eightieth.jetzt,available,72,1%,9,Mathematics,,,
accusative.jetzt,available,72,0%,10,"Humanities,Law",,,
acuminate.jetzt,available,70,1%,9,"Engineering,Medicine,Science",,,
offhand.jetzt,available,70,2%,7,Entertainment,,,
adjusted.jetzt,available,70,5%,8,"Manufacturing,Retail,Technology",,,
consequent.jetzt,available,70,3%,10,"Business,Education,General,Technology",,,
practiced.jetzt,available,70,3%,9,"Education,Health and Fitness,Sports",,,
recumbent.jetzt,available,70,2%,9,"Healthcare,Medicine,Science",,,
abradant.jetzt,available,70,1%,8,"Construction,Manufacturing",,,
tiptop.jetzt,available,70,24%,6,Fashion,,,
adored.jetzt,available,70,6%,6,"Entertainment,Fashion,Retail",,,
accumbent.jetzt,available,70,1%,9,"Healthcare,Medicine,Science",,,
absorbing.jetzt,available,70,3%,9,"Entertainment,Media,Technology",,,
admired.jetzt,available,70,5%,7,"Business,Education,Healthcare",,,
abulic.jetzt,available,70,1%,6,Medicine,,,
gymnastic.jetzt,available,70,3%,9,"Entertainment,Sports",,,
miserable.jetzt,available,70,4%,9,Humanities,,,
adamantine.jetzt,available,70,4%,10,Religion,,,
lowdown.jetzt,available,70,6%,8,"Entertainment,Media",,,
skillful.jetzt,available,70,9%,8,"Education,Health and Fitness,Sports",,,
stillborn.jetzt,available,70,2%,9,"Medicine,Science",,,
achaian.jetzt,available,68,2%,7,Humanities,,,
ennead.jetzt,available,68,5%,6,Mathematics,,,
overseas.jetzt,available,68,12%,8,"Hospitality,Travel",,,
foursome.jetzt,available,68,4%,8,Sports,,,
acerate.jetzt,available,68,1%,7,Science,,,
thirtieth.jetzt,available,68,1%,9,Mathematics,,,
threesome.jetzt,available,68,5%,9,Entertainment,,,
disciple.jetzt,available,68,14%,8,"Education,Religion",,,
ane.jetzt,available,68,12%,3,Mathematics,,,
activating.jetzt,available,68,3%,10,"Healthcare,Manufacturing,Technology",,,
septenary.jetzt,available,68,2%,9,Mathematics,,,
aculeate.jetzt,available,68,1%,8,"Engineering,Medicine,Science",,,
fortieth.jetzt,available,68,1%,8,Mathematics,,,
abducent.jetzt,available,68,0%,8,Medicine,,,
decorated.jetzt,available,68,3%,9,"Entertainment,Fashion,Retail",,,
aberdonian.jetzt,available,68,1%,10,Geography,,,
abnaki.jetzt,available,68,1%,6,Geography,,,
achaean.jetzt,available,68,2%,7,Humanities,,,
ablative.jetzt,available,68,3%,8,Science,,,
stygian.jetzt,available,68,5%,7,Humanities,,,
sevener.jetzt,available,68,1%,7,Mathematics,,,
accredited.jetzt,available,68,9%,10,"Business,Education,Healthcare",,,
licensed.jetzt,available,68,5%,8,"Business,Healthcare,Insurance",,,
vindicated.jetzt,available,68,2%,10,"Humanities,Law,Politics",,,
scurvy.jetzt,available,68,3%,6,Humanities,,,
aroused.jetzt,available,68,3%,7,"Entertainment,Health and Fitness",,,
octonary.jetzt,available,68,1%,8,Mathematics,,,
licenced.jetzt,available,68,2%,8,"Business,Healthcare,Insurance",,,
fiftieth.jetzt,available,68,1%,8,Mathematics,,,
abkhas.jetzt,available,68,0%,6,Geography,,,
xii.jetzt,available,66,10%,3,Mathematics,,,
performing.jetzt,available,66,6%,10,Entertainment,,,
sextet.jetzt,available,66,2%,6,Entertainment,,,
five.jetzt,available,66,26%,4,Mathematics,,,
xxv.jetzt,available,66,6%,3,Mathematics,,,
clv.jetzt,available,66,10%,3,Mathematics,,,
according.jetzt,available,66,3%,9,"Business,Education,Technology",,,
xxvi.jetzt,available,66,3%,4,Mathematics,,,
abstinent.jetzt,available,66,1%,9,"Health and Fitness,Religion",,,
thirty.jetzt,available,66,7%,6,Mathematics,,,
modish.jetzt,available,66,5%,6,Fashion,,,
buzzing.jetzt,available,66,7%,7,"Entertainment,Media,Technology",,,
deuce.jetzt,available,66,8%,5,Sports,,,
acervate.jetzt,available,66,1%,8,Science,,,
ninety.jetzt,available,66,11%,6,Mathematics,,,
teenager.jetzt,available,66,4%,8,"Education,Entertainment,Healthcare",,,
xvii.jetzt,available,66,5%,4,Mathematics,,,
acappella.jetzt,available,66,6%,10,Entertainment,,,
accessary.jetzt,available,66,1%,9,"Business,Law,Technology",,,
adorned.jetzt,available,66,5%,7,"Entertainment,Fashion,Retail",,,
century.jetzt,available,66,17%,7,Education,,,
xviii.jetzt,available,66,4%,5,Mathematics,,,
fifty.jetzt,available,66,13%,5,Mathematics,,,
eighty.jetzt,available,66,6%,6,Mathematics,,,
six.jetzt,available,66,26%,3,Mathematics,,,
adopted.jetzt,available,66,4%,7,"Education,Healthcare",,,
latest.jetzt,available,66,18%,6,Technology,,,
xvi.jetzt,available,66,4%,3,Mathematics,,,
exonerated.jetzt,available,66,2%,10,"Humanities,Law,Politics",,,
four.jetzt,available,66,27%,4,Mathematics,,,
xxii.jetzt,available,66,6%,4,Mathematics,,,
tenner.jetzt,available,66,4%,6,Finance,,,
maven.jetzt,available,66,30%,5,"Entertainment,Fashion,Technology",,,
acrobatic.jetzt,available,66,4%,9,"Entertainment,Sports",,,
onec.jetzt,available,66,6%,5,Mathematics,,,
xxi.jetzt,available,66,10%,3,Mathematics,,,
xiii.jetzt,available,66,9%,4,Mathematics,,,
adagio.jetzt,available,64,14%,6,Entertainment,,,
deviant.jetzt,available,64,12%,7,"Medicine,Science",,,
accordant.jetzt,available,64,3%,9,"Arts,Entertainment",,,
rising.jetzt,available,64,18%,6,"Construction,Manufacturing,Real Estate",,,
nondrinker.jetzt,available,64,1%,10,"Health and Fitness,Religion",,,
acentric.jetzt,available,64,2%,8,Science,,,
astringent.jetzt,available,64,1%,10,"Healthcare,Pharmaceuticals",,,
scatty.jetzt,available,64,1%,6,"Arts,Entertainment,Media",,,
aflame.jetzt,available,64,3%,6,Entertainment,,,
absolved.jetzt,available,64,1%,8,"Humanities,Law,Religion",,,
cumulative.jetzt,available,62,2%,10,"Banking,Finance,Insurance",,,
ensuant.jetzt,available,62,1%,7,"Healthcare,Insurance,Transportation",,,
quartet.jetzt,available,62,7%,7,"Arts,Entertainment",,,
troika.jetzt,available,62,8%,6,Politics,,,
activation.jetzt,available,62,16%,10,"Healthcare,Manufacturing,Technology",,,
exculpated.jetzt,available,62,1%,10,"Humanities,Law,Politics",,,
aborigine.jetzt,available,62,1%,9,Humanities,,,
wrapped.jetzt,available,62,13%,7,"Fashion,Hospitality,Retail",,,
longdozen.jetzt,available,62,1%,10,Mathematics,,,
adoptive.jetzt,available,62,1%,8,"Education,Healthcare",,,
admissible.jetzt,available,62,1%,10,"Education,Healthcare,Law",,,
sixteenth.jetzt,available,62,1%,9,Mathematics,,,
pungent.jetzt,available,62,1%,7,Food and Beverage,,,
nail.jetzt,available,62,16%,4,"Construction,Fashion,General,Retail",,,
acidic.jetzt,available,62,5%,6,"Food and Beverage,Science",,,
roughly.jetzt,available,62,3%,7,"Business,Media,Technology",,,
eleventh.jetzt,available,62,5%,8,Mathematics,,,
accusing.jetzt,available,62,1%,8,Law,,,
accrued.jetzt,available,62,2%,7,"Banking,Finance,Insurance",,,
eighteenth.jetzt,available,62,1%,10,Mathematics,,,
twodozen.jetzt,available,62,1%,9,Mathematics,,,
orso.jetzt,available,62,9%,5,"Business,Media,Technology",,,
aufait.jetzt,available,62,3%,7,"Fashion,Media",,,
chiliad.jetzt,available,62,2%,7,Mathematics,,,
playacting.jetzt,available,62,1%,10,Entertainment,,,
fortyfour.jetzt,available,62,6%,10,Mathematics,,,
activistic.jetzt,available,62,1%,10,"Humanities,Politics",,,
adjuvant.jetzt,available,62,5%,8,"Healthcare,Manufacturing,Technology",,,
cxlv.jetzt,available,60,2%,4,Mathematics,,,
clxxx.jetzt,available,60,1%,5,Mathematics,,,
cxv.jetzt,available,60,4%,3,Mathematics,,,
octet.jetzt,available,60,12%,5,Arts,,,
sixty.jetzt,available,60,13%,5,Mathematics,,,
cxl.jetzt,available,60,7%,3,Mathematics,,,
abashed.jetzt,available,60,1%,7,Humanities,,,
adnexal.jetzt,available,60,1%,7,"Agriculture,Manufacturing,Retail",,,
cxxx.jetzt,available,60,3%,4,Mathematics,,,
clxxv.jetzt,available,60,1%,5,Mathematics,,,
paunchy.jetzt,available,60,0%,7,"Health and Fitness,Medicine",,,
abstemious.jetzt,available,60,0%,10,"Food and Beverage,Health and Fitness,Hospitality",,,
idolized.jetzt,available,60,3%,8,"Entertainment,Fashion,Retail",,,
acceptive.jetzt,available,60,1%,9,"Education,Healthcare",,,
idolised.jetzt,available,60,1%,8,"Entertainment,Fashion,Retail",,,
cautionary.jetzt,available,60,1%,10,"Business,Education,Healthcare",,,
tertiary.jetzt,available,60,4%,8,Education,,,
adnate.jetzt,available,60,1%,6,"Agriculture,Manufacturing,Retail",,,
cxxv.jetzt,available,60,1%,4,Mathematics,,,
abstainer.jetzt,available,60,0%,9,"Health and Fitness,Religion",,,
thou.jetzt,available,60,7%,4,Mathematics,,,
clxx.jetzt,available,60,2%,4,Mathematics,,,
eightysix.jetzt,available,60,7%,10,Mathematics,,,
cxxxv.jetzt,available,60,1%,5,Mathematics,,,
clx.jetzt,available,60,8%,3,Mathematics,,,
clxv.jetzt,available,60,1%,4,Mathematics,,,
cxx.jetzt,available,60,9%,3,Mathematics,,,
xcl.jetzt,available,60,5%,3,Mathematics,,,
annexal.jetzt,available,60,1%,7,"Agriculture,Manufacturing,Retail",,,
aboveboard.jetzt,available,60,5%,10,"Business,Law",,,
tercet.jetzt,available,59,2%,6,"Arts,Entertainment,Media",,,
fourth.jetzt,available,58,13%,6,Mathematics,,,
octad.jetzt,available,58,5%,5,Mathematics,,,
abuzz.jetzt,available,58,5%,5,"Entertainment,Media,Technology",,,
aucourant.jetzt,available,58,3%,10,"Fashion,Media",,,
lxxx.jetzt,available,58,2%,4,Mathematics,,,
actuarial.jetzt,available,58,8%,9,"Finance,Insurance,Mathematics",,,
addible.jetzt,available,58,2%,7,"Engineering,Mathematics,Science",,,
abridged.jetzt,available,58,4%,8,Media,,,
quintet.jetzt,available,58,8%,7,"Arts,Entertainment",,,
enwrapped.jetzt,available,58,0%,9,"Entertainment,Fashion,Media",,,
pentad.jetzt,available,58,3%,6,Mathematics,,,
seventy.jetzt,available,58,7%,7,Mathematics,,,
accretive.jetzt,available,58,6%,9,"Banking,Finance,Insurance",,,
sixtyone.jetzt,available,58,5%,9,Mathematics,,,
lxxviii.jetzt,available,58,1%,7,Mathematics,,,
sixer.jetzt,available,58,5%,5,Sports,,,
accoutred.jetzt,available,58,1%,9,"Fashion,Manufacturing,Retail",,,
eighter.jetzt,available,58,2%,7,Mathematics,,,
addressed.jetzt,available,58,3%,9,"Business,Technology,Telecommunications",,,
abused.jetzt,available,58,5%,6,"Healthcare,Law",,,
fifth.jetzt,available,58,12%,5,Mathematics,,,
adient.jetzt,available,58,4%,6,"Medicine,Science",,,
centesimal.jetzt,available,58,1%,10,Mathematics,,,
abandoned.jetzt,available,58,10%,9,"Construction,Real Estate",,,
accented.jetzt,available,58,3%,8,"Arts,Entertainment",,,
adhoc.jetzt,available,58,24%,6,"Business,Engineering,Technology",,,
offhanded.jetzt,available,58,1%,9,Entertainment,,,
alacarte.jetzt,available,58,11%,10,Food and Beverage,,,
closeto.jetzt,available,58,3%,8,"Business,Media,Technology",,,
fourscore.jetzt,available,58,4%,9,Mathematics,,,
hexad.jetzt,available,58,5%,5,Mathematics,,,
seven.jetzt,available,58,35%,5,Mathematics,,,
cypher.jetzt,available,58,28%,6,Mathematics,,,
sextuplet.jetzt,available,58,1%,9,Healthcare,,,
adjustive.jetzt,available,58,1%,9,"Manufacturing,Retail,Technology",,,
ache.jetzt,available,58,7%,4,Healthcare,,,
acyclic.jetzt,available,58,4%,7,"Engineering,Mathematics,Science",,,
linear.jetzt,available,58,22%,6,"Engineering,Mathematics,Science",,,
niner.jetzt,available,58,5%,5,Mathematics,,,
acetic.jetzt,available,58,1%,6,"Food and Beverage,Science",,,
justabout.jetzt,available,58,3%,10,"Business,Media,Technology",,,
tetrad.jetzt,available,58,5%,6,Mathematics,,,
twelfth.jetzt,available,58,2%,7,Mathematics,,,
heptad.jetzt,available,58,2%,6,Mathematics,,,
lii.jetzt,available,56,7%,3,Mathematics,,,
addled.jetzt,available,56,2%,6,Entertainment,,,
xliii.jetzt,available,56,1%,5,Mathematics,,,
xlviii.jetzt,available,56,1%,6,Mathematics,,,
fiftynine.jetzt,available,56,4%,10,Mathematics,,,
potbellied.jetzt,available,56,0%,10,"Health and Fitness,Medicine",,,
xxxvi.jetzt,available,56,1%,5,Mathematics,,,
fiftyone.jetzt,available,56,8%,9,Mathematics,,,
xxxiii.jetzt,available,56,2%,6,Mathematics,,,
xxiii.jetzt,available,56,4%,5,Mathematics,,,
thirtyone.jetzt,available,56,4%,10,Mathematics,,,
xxvii.jetzt,available,56,3%,5,Mathematics,,,
admissive.jetzt,available,56,1%,9,"Education,Healthcare,Hospitality",,,
xxix.jetzt,available,56,4%,4,Mathematics,,,
admittable.jetzt,available,56,1%,10,"Education,Healthcare,Hospitality",,,
xxxiv.jetzt,available,56,1%,5,Mathematics,,,
lvi.jetzt,available,56,8%,3,Mathematics,,,
xxxii.jetzt,available,56,1%,5,Mathematics,,,
terzetto.jetzt,available,56,3%,8,Arts,,,
fortynine.jetzt,available,56,3%,10,Mathematics,,,
fortyone.jetzt,available,56,5%,9,Mathematics,,,
admittible.jetzt,available,56,1%,10,"Education,Healthcare,Hospitality",,,
lvii.jetzt,available,56,2%,4,Mathematics,,,
triad.jetzt,available,56,15%,5,Arts,,,
xlvii.jetzt,available,56,2%,5,Mathematics,,,
xlvi.jetzt,available,56,3%,4,Mathematics,,,
fortytwo.jetzt,available,56,17%,9,Mathematics,,,
xliv.jetzt,available,56,3%,4,Mathematics,,,
xlv.jetzt,available,56,6%,3,Mathematics,,,
xxxi.jetzt,available,56,8%,4,Mathematics,,,
abeyant.jetzt,available,56,1%,7,"Business,Law",,,
fiftyfive.jetzt,available,56,8%,10,Mathematics,,,
fiftytwo.jetzt,available,56,6%,9,Mathematics,,,
abdominous.jetzt,available,56,0%,10,"Health and Fitness,Medicine",,,
fiftysix.jetzt,available,56,4%,9,Mathematics,,,
ilx.jetzt,available,56,6%,3,Mathematics,,,
xxviii.jetzt,available,56,1%,6,Mathematics,,,
halfdozen.jetzt,available,56,1%,10,Mathematics,,,
fiftyfour.jetzt,available,56,4%,10,Mathematics,,,
lviii.jetzt,available,56,1%,5,Mathematics,,,
fortysix.jetzt,available,56,4%,9,Mathematics,,,
appressed.jetzt,available,56,0%,9,"Agriculture,Manufacturing,Retail",,,
xxxvii.jetzt,available,56,2%,6,Mathematics,,,
xxxviii.jetzt,available,56,1%,7,Mathematics,,,
accoutered.jetzt,available,56,0%,10,"Fashion,Manufacturing,Retail",,,
thirtytwo.jetzt,available,56,4%,10,Mathematics,,,
xxiv.jetzt,available,56,5%,4,Mathematics,,,
maledict.jetzt,available,56,1%,8,Religion,,,
xxxv.jetzt,available,56,4%,4,Mathematics,,,
xli.jetzt,available,56,5%,3,Mathematics,,,
thirtysix.jetzt,available,56,5%,10,Mathematics,,,
xlii.jetzt,available,56,5%,4,Mathematics,,,
liii.jetzt,available,56,4%,4,Mathematics,,,
aone.jetzt,available,56,15%,5,Food and Beverage,,,
achy.jetzt,available,54,3%,4,Healthcare,,,
adductive.jetzt,available,54,0%,9,"Engineering,Mathematics,Science",,,
adaxial.jetzt,available,54,2%,7,Science,,,
sise.jetzt,available,54,5%,4,Mathematics,,,
abaxial.jetzt,available,54,1%,7,Science,,,
adducent.jetzt,available,54,1%,8,"Engineering,Mathematics,Science",,,
fortyfive.jetzt,available,54,5%,10,Mathematics,,,
adjuratory.jetzt,available,54,0%,10,"Law,Politics,Religion",,,
deserted.jetzt,available,54,3%,8,"Hospitality,Real Estate",,,
twoscore.jetzt,available,54,2%,8,Mathematics,,,
ternion.jetzt,available,54,3%,7,Mathematics,,,
unnatural.jetzt,available,54,4%,9,"Medicine,Science",,,
topnotch.jetzt,available,54,18%,8,Business,,,
scratchy.jetzt,available,54,3%,8,Fashion,,,
acoustical.jetzt,available,54,4%,10,Science,,,
quintuplet.jetzt,available,54,1%,10,"Healthcare,Medicine,Science",,,
accursed.jetzt,available,54,3%,8,"Entertainment,Media,Religion",,,
threescore.jetzt,available,54,2%,10,Mathematics,,,
quatern.jetzt,available,54,2%,7,Mathematics,,,
adducting.jetzt,available,54,1%,9,"Engineering,Mathematics,Science",,,
abasic.jetzt,available,54,1%,6,Science,,,
aboral.jetzt,available,54,2%,6,Science,,,
admonitory.jetzt,available,54,0%,10,"Business,Education,Healthcare",,,
abhorrent.jetzt,available,54,1%,9,Humanities,,,
abient.jetzt,available,54,1%,6,Science,,,
abatic.jetzt,available,54,1%,6,Science,,,
deuceace.jetzt,available,54,1%,9,Sports,,,
abatable.jetzt,available,54,1%,8,Law,,,
quaternity.jetzt,available,54,4%,10,Mathematics,,,
abducens.jetzt,available,54,1%,8,Medicine,,,
quaternion.jetzt,available,54,6%,10,Mathematics,,,
vii.jetzt,available,54,13%,3,Mathematics,,,
iii.jetzt,available,54,24%,3,Mathematics,,,
quadruplet.jetzt,available,54,1%,10,"Healthcare,Medicine,Science",,,
viii.jetzt,available,54,6%,4,Mathematics,,,
actuated.jetzt,available,54,2%,8,"Automotive,Manufacturing,Technology",,,
achromatic.jetzt,available,54,4%,10,Science,,,
accentual.jetzt,available,54,3%,9,"Arts,Entertainment",,,
adpressed.jetzt,available,54,0%,9,"Agriculture,Manufacturing,Retail",,,
fin.jetzt,available,54,30%,3,Finance,,,
monitory.jetzt,available,54,3%,8,"Business,Education,Healthcare",,,
sestet.jetzt,available,53,1%,6,Arts,,,
septet.jetzt,available,53,1%,6,General,,,
lxxi.jetzt,available,52,2%,4,Mathematics,,,
xci.jetzt,available,52,4%,3,Mathematics,,,
abstruse.jetzt,available,52,5%,8,"Humanities,Mathematics,Science",,,
lxxxiii.jetzt,available,52,1%,7,Mathematics,,,
ninetytwo.jetzt,available,52,4%,10,Mathematics,,,
lxxxvii.jetzt,available,52,1%,7,Mathematics,,,
eightyone.jetzt,available,52,3%,10,Mathematics,,,
lxiv.jetzt,available,52,3%,4,Mathematics,,,
abusive.jetzt,available,52,3%,7,"Healthcare,Law",,,
eightytwo.jetzt,available,52,4%,10,Mathematics,,,
decumbent.jetzt,available,52,1%,9,"Healthcare,Medicine,Science",,,
lxiii.jetzt,available,52,2%,5,Mathematics,,,
lxxiii.jetzt,available,52,2%,6,Mathematics,,,
adenoidal.jetzt,available,52,1%,9,"Health and Fitness,Medicine,Science",,,
littlejoe.jetzt,available,52,2%,10,"Entertainment,Media",,,
lxvi.jetzt,available,52,3%,4,Mathematics,,,
lxxiv.jetzt,available,52,1%,5,Mathematics,,,
lxxvi.jetzt,available,52,1%,5,Mathematics,,,
lxxxvi.jetzt,available,52,1%,6,Mathematics,,,
lxxvii.jetzt,available,52,2%,6,Mathematics,,,
lxxxiv.jetzt,available,52,1%,6,Mathematics,,,
lxxxii.jetzt,available,52,1%,6,Mathematics,,,
abysmal.jetzt,available,52,4%,7,"Arts,Entertainment,Media",,,
ixl.jetzt,available,52,9%,3,Mathematics,,,
lxxxv.jetzt,available,52,1%,5,Mathematics,,,
lxviii.jetzt,available,52,2%,6,Mathematics,,,
lxii.jetzt,available,52,2%,4,Mathematics,,,
xcii.jetzt,available,52,2%,4,Mathematics,,,
ninetysix.jetzt,available,52,4%,10,Mathematics,,,
odious.jetzt,available,52,2%,6,"Entertainment,Humanities",,,
sixtytwo.jetzt,available,52,3%,9,Mathematics,,,
lxxxi.jetzt,available,52,1%,5,Mathematics,,,
ninetyone.jetzt,available,52,5%,10,Mathematics,,,
repulsive.jetzt,available,52,1%,9,Humanities,,,
chagrined.jetzt,available,52,1%,9,Humanities,,,
lxxv.jetzt,available,52,2%,4,Mathematics,,,
xcvii.jetzt,available,52,1%,5,Mathematics,,,
ablated.jetzt,available,52,1%,7,Science,,,
xcv.jetzt,available,52,7%,3,Mathematics,,,
lxv.jetzt,available,52,5%,3,Mathematics,,,
detestable.jetzt,available,52,1%,10,Humanities,,,
sixtyfour.jetzt,available,52,4%,10,Mathematics,,,
ixc.jetzt,available,52,5%,3,Mathematics,,,
sixtyfive.jetzt,available,52,3%,10,Mathematics,,,
xcviii.jetzt,available,52,1%,6,Mathematics,,,
lxi.jetzt,available,52,5%,3,Mathematics,,,
repugnant.jetzt,available,52,1%,9,Humanities,,,
xciii.jetzt,available,52,1%,5,Mathematics,,,
aboulic.jetzt,available,52,1%,7,Medicine,,,
lxvii.jetzt,available,52,1%,5,Mathematics,,,
tierce.jetzt,available,52,3%,6,General,,,
xcvi.jetzt,available,52,2%,4,Mathematics,,,
lxxii.jetzt,available,52,1%,5,Mathematics,,,
sixtysix.jetzt,available,52,5%,9,Mathematics,,,
abominable.jetzt,available,52,2%,10,"Entertainment,Humanities",,,
uphill.jetzt,available,52,7%,6,"Sports,Transportation,Travel",,,
xciv.jetzt,available,52,2%,4,Mathematics,,,
acetose.jetzt,available,50,1%,7,Science,,,
lxx.jetzt,available,50,5%,3,Mathematics,,,
aborticide.jetzt,available,50,0%,10,Medicine,,,
needlelike.jetzt,available,50,0%,10,"Engineering,Medicine,Science",,,
abomasal.jetzt,available,50,0%,8,Agriculture,,,
acerose.jetzt,available,50,1%,7,Science,,,
adhominem.jetzt,available,50,2%,10,"Humanities,Law,Politics",,,
quint.jetzt,available,50,13%,5,"Arts,Entertainment",,,
gillless.jetzt,available,50,0%,9,Science,,,
triplet.jetzt,available,50,8%,7,Science,,,
trine.jetzt,available,50,11%,5,"General,Religion",,,
aculeated.jetzt,available,50,0%,9,"Engineering,Medicine,Science",,,
vinegary.jetzt,available,50,1%,8,Food and Beverage,,,
abdicable.jetzt,available,50,0%,9,Law,,,
acapnic.jetzt,available,50,0%,7,"Healthcare,Medicine,Science",,,
acerb.jetzt,available,50,2%,5,Science,,,
abducting.jetzt,available,50,0%,9,Medicine,,,
abactinal.jetzt,available,50,0%,9,Science,,,
acellular.jetzt,available,50,1%,9,Science,,,
scummy.jetzt,available,50,1%,6,Humanities,,,
abranchial.jetzt,available,50,0%,10,Science,,,
acaudal.jetzt,available,50,1%,7,"Agriculture,Science",,,
acapnotic.jetzt,available,50,0%,9,"Healthcare,Medicine,Science",,,
acquitted.jetzt,available,50,1%,9,Law,,,
adactylous.jetzt,available,50,0%,10,Science,,,
spinous.jetzt,available,50,1%,7,"Agriculture,Science",,,
ogdoad.jetzt,available,50,1%,6,Mathematics,,,
abbatial.jetzt,available,50,0%,8,Religion,,,
broached.jetzt,available,50,0%,8,Food and Beverage,,,
acetous.jetzt,available,50,1%,7,Science,,,
cinque.jetzt,available,50,7%,6,Mathematics,,,
acerbic.jetzt,available,50,2%,7,"Arts,Humanities,Media",,,
lxxxviii.jetzt,available,48,1%,8,Mathematics,,,
abstracted.jetzt,available,48,5%,10,"Arts,Humanities,Science",,,
apriori.jetzt,available,48,13%,8,Mathematics,,,
ilxxx.jetzt,available,48,1%,5,Mathematics,,,
ilxx.jetzt,available,48,1%,4,Mathematics,,,
abyssal.jetzt,available,48,12%,7,"Arts,Entertainment,Media",,,
execrable.jetzt,available,48,0%,9,"Entertainment,Humanities",,,
notguilty.jetzt,available,48,5%,10,Law,,,
achromous.jetzt,available,46,1%,9,Science,,,
acanthoid.jetzt,available,46,1%,9,"Agriculture,Science",,,
acetylenic.jetzt,available,46,1%,10,Science,,,
achenial.jetzt,available,46,1%,8,Science,,,
stemless.jetzt,available,46,2%,8,"Agriculture,Science",,,
acicular.jetzt,available,46,2%,8,Science,,,
vinegarish.jetzt,available,46,1%,10,Food and Beverage,,,
acetonic.jetzt,available,46,1%,8,Science,,,
acapnial.jetzt,available,46,0%,8,"Healthcare,Medicine,Science",,,
acephalous.jetzt,available,46,1%,10,Science,,,
acetylic.jetzt,available,46,1%,8,Science,,,
stripling.jetzt,available,46,2%,9,"Education,Entertainment,Healthcare",,,
acarpous.jetzt,available,46,0%,8,"Agriculture,Science",,,
quaternary.jetzt,available,46,3%,10,Mathematics,,,
acanthotic.jetzt,available,46,0%,10,"Agriculture,Science",,,
acetabular.jetzt,available,46,1%,10,Science,,,
cotyloid.jetzt,available,46,1%,8,Science,,,
achromic.jetzt,available,46,2%,8,Science,,,
acanthous.jetzt,available,46,0%,9,"Agriculture,Science",,,
acaudate.jetzt,available,46,1%,8,"Agriculture,Science",,,
theabsurd.jetzt,available,46,1%,10,"Arts,Entertainment,Media",,,
acheronian.jetzt,available,46,1%,10,Humanities,,,
acarpelous.jetzt,available,46,0%,10,"Agriculture,Science",,,
acherontic.jetzt,available,44,1%,10,Humanities,,,
accusatory.jetzt,available,44,1%,10,Law,,,
cotyloidal.jetzt,available,44,1%,10,Science,,,
abscessed.jetzt,available,41,0%,9,Healthcare,,,
phoebe.jetzt,available,41,14%,6,Science,,,
accusive.jetzt,available,40,1%,8,Law,,,
scurrilous.jetzt,available,40,1%,10,"Entertainment,Media,Politics",,,
accurst.jetzt,available,40,1%,7,Religion,,,